Title,Description,Category,Priority
"Cannot login","Error 401 Unauthorized when entering credentials","Authentication","Medium"
"Slow internet","Speed dropped to 0.5 Mbps after update","Network","High"
"Access request","Need manager access to CRM module","AccessControl","Medium"
"Report exception","NullReferenceException when clicking Reports","Bug","High"
"Feature request","Please add dark mode to UI","Enhancement","Low"
"Database timeout","Queries to Orders table timing out","Database","High"
"UI freeze","Dashboard widget freezes on load","UI","Medium"
"Password reset","Forgot password link not working","Authentication","Medium"
"Email bounce","Notification emails are bouncing","Network","Low"
"Integration issue","ERP import fails with code 502","Integration","High"
"Mobile login","Cannot login via mobile app","Authentication","Medium"
"Data export","CSV export missing columns","Enhancement","Low"
"API rate limit","429 Too Many Requests on API","Performance","High"
"Session timeout","Users get logged out too quickly","Performance","Medium"
"Profile update","Error saving profile changes","Bug","Medium"