Text,OpenCount,AvgResolution,LabelTime
"Cannot login Error 401 Unauthorized when entering credentials",2,40,25
"Slow internet Speed dropped to 0.5 Mbps after update",3,50,35
"Access request Need manager access to CRM module",1,20,18
"Report exception NullReferenceException when clicking Reports",4,55,50
"Feature request Please add dark mode to UI",1,15,12
"Database timeout Queries to Orders table timing out",5,60,45
"UI freeze Dashboard widget freezes on load",2,35,30
"Password reset Forgot password link not working",1,18,15
"Email bounce Notification emails are bouncing",0,0,8
"Integration issue ERP import fails with code 502",3,45,40
"API rate limit 429 Too Many Requests on API",4,50,48
"Mobile login Cannot login via mobile app",2,30,26
"Data export CSV export missing columns",1,22,20
"Performance issue API slowdown on peak hours",5,65,60
"Profile update Error saving profile changes",2,38,34
